Raga,F1,F2,F3,F4,F5,F6,F7,F8,F9,F10,F11,F12,F13,F14,F15,F16
Kanakāngi ,1,1,0,0,1,0,0,1,0,1,1,0,0,1,0,0
Kanakāmbari,1,1,0,0,0,0,0,1,0,1,1,0,0,0,0,0
Kanakatodi,1,1,0,0,1,0,0,1,0,1,1,0,0,0,0,0
Mādhavapriyā,1,1,0,0,1,0,0,0,0,1,1,0,0,1,0,0
Karnātaka Shuddha Sāveri,1,1,0,0,0,0,0,1,0,1,1,0,0,0,0,0
Latantapriya,1,1,0,0,1,0,0,1,0,1,1,0,0,0,0,0
Lavangi,1,1,0,0,0,0,0,1,0,0,1,0,0,0,0,0
Megha,1,1,0,0,0,0,0,1,0,1,1,0,0,1,0,0
Rishabhavilāsa,1,1,0,0,0,0,0,1,0,1,1,0,0,0,0,0
Sarvashree,1,0,0,0,0,0,0,1,0,1,0,0,0,0,0,0
Suddha Mukhāri,1,1,0,0,0,0,0,1,0,1,1,0,0,0,0,0
Tatillatika,1,1,0,0,0,0,0,1,0,1,1,0,0,0,0,0
Vāgeeshwari,1,1,0,0,1,0,0,1,0,1,1,0,0,0,0,0
Ratnāngi,1,1,0,0,1,0,0,1,0,1,1,0,0,0,1,0
Phenadhyuti,1,1,0,0,0,0,0,1,0,1,1,0,0,0,1,0
Ganamukhāri,1,1,0,0,0,0,0,1,0,0,1,0,0,0,0,0
Ratnavarāli,1,1,0,0,0,0,0,1,0,1,1,0,0,0,1,0
Revati,1,1,0,0,0,0,0,1,0,1,0,0,0,0,1,0
Shreemani,1,1,0,0,1,0,0,0,0,1,1,0,0,0,0,0
Shreemati,1,1,0,0,1,0,0,0,0,1,1,0,0,0,0,0
Svadhya,1,1,0,0,0,0,0,1,0,1,0,0,0,0,1,0
Gānamūrti,1,1,0,0,1,0,0,1,0,1,1,0,0,0,0,1
Gānasāmavarāli,1,1,0,0,0,0,0,1,0,1,1,0,0,0,0,1
Bhinnapanchamam,1,1,0,0,1,0,0,1,0,1,1,0,0,0,0,1
Nādharanjani,1,1,0,0,0,0,0,1,0,0,1,0,0,0,0,1
Poorvavarāli,1,1,0,0,0,0,0,1,0,1,1,0,0,0,0,0
Sāmavarāli,1,1,0,0,0,0,0,1,0,1,1,0,0,0,0,1
Vanaspati,1,1,0,0,1,0,0,1,0,1,0,1,0,0,1,0
Bhānumati,1,0,0,0,0,0,0,1,0,1,0,0,0,0,1,0
Rasāli,1,1,0,0,0,0,0,1,0,1,0,1,0,0,1,0
Vanāvali,1,1,0,0,0,0,0,1,0,1,0,1,0,0,1,0
Vittalapriya,1,1,0,0,0,0,0,1,0,1,0,1,0,0,0,0
Mānavati,1,1,0,0,1,0,0,1,0,1,0,1,0,0,0,1
Manoranjani,1,1,0,0,0,0,0,1,0,1,0,1,0,0,0,1
Ghanashyāmalā,1,0,0,0,1,0,0,1,0,1,0,1,0,0,0,0
Kunjari,1,1,0,0,0,0,0,1,0,1,0,1,0,0,0,0
Tānarūpi,1,1,0,0,1,0,0,1,0,1,0,0,1,0,0,1
Tanukeerti,1,1,0,0,0,0,0,1,0,1,0,0,0,0,0,1
Senāvati,1,1,0,0,0,1,0,1,0,1,1,0,0,1,0,0
Senāgrani,1,1,0,0,0,1,0,1,0,1,1,0,0,1,0,0
Bhogi,1,0,0,0,0,1,0,1,0,1,1,0,0,1,0,0
Chitthakarshani,1,1,0,0,0,1,0,1,0,0,1,0,0,0,0,0
Navarasa Mālā,1,1,0,0,0,1,0,1,0,1,1,0,0,0,0,0
Sindhu Gowri,1,1,0,0,0,1,0,1,0,1,1,0,0,1,0,0
Hanumatodi,1,1,0,0,0,1,0,1,0,1,1,0,0,0,1,0
Janatodi,1,1,0,0,0,1,0,1,0,1,1,0,0,0,1,0
Āhiri,1,1,0,0,0,0,1,1,0,1,1,0,0,0,1,0
Amrita Dhanyāsi,1,1,0,0,0,1,0,1,0,1,0,0,0,0,1,0
Asāveri,1,1,0,0,0,0,0,1,0,1,1,0,0,0,0,0
Bhānuchandrika,1,0,0,0,0,0,0,1,0,0,1,0,0,0,1,0
Bhadratodi,1,1,0,0,0,1,0,1,0,0,1,0,0,0,0,0
Bhoopālam,1,1,0,0,0,1,0,0,0,1,1,0,0,0,0,0
Chandrikatodi,1,0,0,0,0,1,0,1,0,1,1,0,0,0,0,0
Deshikatodi,1,0,0,0,0,1,0,1,0,1,1,0,0,0,1,0
Dhanyāsi,1,0,0,0,0,1,0,1,0,1,0,0,0,0,1,0
Divyamālati,1,0,0,0,0,1,0,1,0,1,1,0,0,0,1,0
Ghanta,1,0,1,0,0,1,0,1,0,1,0,0,0,0,1,0
Kalāsāveri,1,1,0,0,0,1,0,0,0,1,0,0,0,0,1,0
Kanakasāveri,1,1,0,0,0,0,0,1,0,1,1,0,0,0,0,0
Nāgavarāli,1,1,0,0,0,1,0,1,0,1,1,0,0,0,1,0
Prabhupriya,1,0,0,0,0,1,0,1,0,1,1,0,0,0,0,0
Punnāgatodi,1,1,0,0,0,1,0,1,0,1,0,0,0,1,0,0
Punnagavarali,1,1,0,0,0,1,0,1,0,1,1,0,0,0,1,0
Shravanamallika,1,0,0,0,0,1,0,1,0,1,1,0,0,0,1,0
Sowjanya,1,1,0,0,0,0,0,1,0,0,1,0,0,0,0,0
Shuddha Seemantini,1,1,0,0,0,1,0,1,0,1,1,0,0,0,0,0
Shuddha Todi,1,1,0,0,0,1,0,1,0,0,1,0,0,0,1,0
Sindhubhairavi,1,0,1,0,0,1,0,1,0,1,1,0,0,0,1,0
Srimati,1,1,0,0,0,1,0,1,0,1,1,1,0,0,1,0
Swarnamalli,1,0,0,0,0,1,0,1,0,1,1,0,0,1,0,0
Dhenukā,1,1,0,0,0,1,0,1,0,1,1,0,0,0,0,1
Dhunibhinnashadjam,1,1,0,0,0,1,0,1,0,1,0,0,0,0,0,1
Bhinnashadjam,1,1,0,0,0,1,0,1,0,1,0,0,0,0,0,1
Mohananāta,1,0,0,0,0,1,0,1,0,1,1,0,0,0,0,1
Udayaravichandrika,1,0,0,0,0,1,0,1,0,1,0,0,0,0,0,1
Vasanthatodi,1,1,0,0,0,1,0,1,0,0,1,0,0,0,0,1
Nātakapriyā,1,1,0,0,0,1,0,1,0,1,0,1,0,0,1,0
Natābharanam,1,1,0,0,0,1,0,1,0,1,0,1,0,0,1,0
Alankārapriya,1,1,0,0,0,1,0,1,0,0,0,1,0,0,1,0
Bhāgyashabari,1,1,0,0,0,1,0,1,0,0,0,1,0,0,1,0
Deeparamu,1,1,0,0,0,1,0,1,0,1,0,1,0,0,1,0
Gunāvati,1,1,0,0,0,0,0,1,0,1,0,1,0,0,0,0
Hindoladeshikam,1,1,0,0,0,1,0,1,0,1,0,1,0,0,1,0
Kanakadri,1,1,0,0,0,1,0,0,0,1,0,1,0,0,0,0
Mātangakāmini,1,0,0,0,0,1,0,1,0,1,1,0,0,0,1,0
Nātyadhārana,1,1,0,0,0,0,0,1,0,1,0,1,0,0,0,0
Niranjana,1,1,0,0,0,1,0,1,0,1,0,1,0,0,0,0
Shānthabhāshini,1,1,0,0,0,1,0,1,0,1,0,1,0,0,0,0
Shivashakti,1,0,0,0,0,1,0,1,0,0,0,1,0,0,0,0
Kokilapriyā,1,1,0,0,0,1,0,1,0,1,0,1,0,0,0,1
Kokilāravam,1,1,0,0,0,0,0,1,0,1,0,1,0,0,0,1
Bhimsen ,1,0,0,0,0,1,0,1,0,1,0,0,0,0,0,1
Bhakthirasa,1,0,0,0,0,1,0,1,0,1,0,0,0,0,0,1
Chitramani,1,1,0,0,0,0,0,1,0,1,0,1,0,0,0,1
Jnānachintāmani,1,1,0,0,0,0,0,1,0,0,0,1,0,0,0,1
Kowmāri,1,1,0,0,0,1,0,1,0,1,0,1,0,0,0,0
Shuddha Lalitha,1,0,0,0,0,0,0,1,0,1,0,1,0,0,0,1
Vardhani,1,0,0,0,0,1,0,1,0,1,0,1,0,0,0,1
Vasantamalli,1,0,0,0,0,1,0,1,0,1,0,0,0,0,0,1
Vasantanārāyani,1,1,0,0,0,1,0,1,0,1,0,0,0,0,0,0
Rūpavati,1,1,0,0,0,1,0,1,0,1,0,0,1,0,0,1
Rowpyanaka,1,0,0,0,0,0,0,1,0,1,0,0,1,0,0,1
Shyāmakalyāni,1,0,0,0,0,1,0,1,0,1,0,0,1,0,0,1
Gāyakapriyā,1,1,0,0,0,0,1,1,0,1,1,0,0,1,0,0
Geya Hejjajji,1,1,0,0,0,0,1,1,0,1,1,0,0,0,0,0
Hejjajji,1,1,0,0,0,0,1,1,0,1,1,0,0,0,0,0
Kalākānti,1,1,0,0,0,0,1,1,0,0,1,0,0,1,0,0
Kalkada,1,1,0,0,0,0,1,0,0,1,1,0,0,1,0,0
Kalpanadhārini,1,0,0,0,0,0,1,1,0,1,1,0,0,0,0,0
Vakuḷābharaṇam,1,1,0,0,0,0,1,1,0,1,1,0,0,0,1,0
Vātee Vasantabhairavi,1,1,0,0,0,0,1,1,0,0,1,0,0,0,1,0
Amudhasurabhi,1,0,0,0,0,0,1,1,0,1,1,0,0,0,0,0
Devipriya,1,0,0,0,0,0,1,0,0,1,0,0,0,0,1,0
Kalindaja,1,1,0,0,0,0,1,1,0,1,0,0,0,0,1,0
Kuvalayabharanam,1,1,0,0,0,0,1,1,0,0,1,0,0,1,0,0
Mukthipradayini,1,1,0,0,0,0,1,0,0,1,0,0,0,0,1,0
Sallapa,1,0,0,0,0,0,1,1,0,0,1,0,0,0,1,0
Soma,1,1,0,0,0,0,0,1,0,1,1,0,0,0,1,0
Sūryā,1,0,0,0,0,0,1,1,0,0,1,0,0,0,1,0
Shuddha Kāmbhoji,1,1,0,0,0,0,1,1,0,1,0,0,0,0,1,0
Vasantabhairavi,1,1,0,0,0,0,1,1,0,0,1,0,0,0,1,0
Vasanta Mukhāri,1,0,0,0,0,0,1,1,0,1,1,0,0,0,1,0
Vijayollāsini,1,1,0,0,0,0,1,1,0,1,1,0,0,0,1,0
Māyāmāḻavagouḻai,1,1,0,0,0,0,1,1,0,1,1,0,0,0,0,1
Ardhradesi,1,1,0,0,0,0,1,1,0,1,1,0,0,0,0,1
Bhāvini,1,0,0,0,0,0,1,1,0,1,1,0,0,0,0,1
Bowli,1,1,0,0,0,0,1,0,0,1,1,0,0,0,0,0
Bowli Rāmakriya,1,1,0,0,0,0,1,0,0,1,1,0,0,0,0,0
Chāruvardhani,1,1,0,0,0,0,0,1,0,1,1,0,0,0,0,1
Chāyagowla,1,1,0,0,0,0,1,1,0,1,0,0,0,0,0,1
Chandrachooda,1,0,0,0,0,0,1,1,0,1,1,0,0,0,0,0
Deshyagowla,1,1,0,0,0,0,0,0,0,1,1,0,0,0,0,1
Devaranji,1,0,0,0,0,0,0,1,0,1,1,0,0,0,0,1
Ekakshari,1,1,0,0,0,0,1,1,0,1,1,0,0,0,0,1
Ghanasindhu,1,0,0,0,0,0,1,1,0,1,1,0,0,0,0,1
Gowla,1,1,0,0,0,0,0,1,0,1,0,0,0,0,0,1
Gowlipantu,1,1,0,0,0,0,0,1,0,1,0,0,0,0,0,1
Gowri,1,1,0,0,0,0,0,1,0,1,0,0,0,0,0,1
Gummakāmbhoji,1,1,0,0,0,0,1,0,0,1,1,0,0,0,0,1
Gundakriya,1,1,0,0,0,0,0,1,0,1,0,0,0,0,0,1
Gurjari,1,1,0,0,0,0,1,1,0,1,1,0,0,0,0,1
Jaganmohini,1,0,0,0,0,0,1,1,0,1,0,0,0,0,0,1
Kalyānakesari,1,1,0,0,0,0,1,0,0,1,1,0,0,0,0,0
Kannadabangāla,1,1,0,0,0,0,1,1,0,1,1,0,0,0,0,0
Karnātaka Sāranga,1,1,0,0,0,0,1,1,0,1,1,0,0,0,0,1
Lalitā,1,1,0,0,0,0,1,1,0,0,1,0,0,0,0,1
Lalitapanchamam,1,1,0,0,0,0,1,1,0,0,1,0,0,0,0,1
Mālavakurinji,1,0,0,0,0,0,1,0,0,1,1,0,0,0,0,1
Mālavapanchamam,1,1,0,0,0,0,1,1,0,1,0,0,0,0,0,1
Mārgadesi,1,1,0,0,0,0,1,1,0,1,1,0,0,0,0,0
Malahari,1,1,0,0,0,0,0,1,0,1,1,0,0,0,0,0
Mallikavasantam,1,0,0,0,0,0,1,1,0,1,0,0,0,0,0,1
Mangalakaishiki,1,1,0,0,0,0,1,1,0,1,1,0,0,0,0,0
Manolayam,1,1,0,0,0,0,0,1,0,1,1,0,0,0,0,0
Maruva,1,0,0,0,0,0,1,1,0,0,1,0,0,0,0,1
Mechabowli,1,1,0,0,0,0,1,0,0,1,1,0,0,0,0,0
Megharanjani,1,1,0,0,0,0,1,1,0,0,0,0,0,0,0,1
Nadanamakriya,1,1,0,0,0,0,1,1,0,1,1,0,0,0,0,1
Pādi,1,1,0,0,0,0,0,1,0,1,0,0,0,0,0,1
Poornalalita,1,1,0,0,0,0,1,1,0,1,1,0,0,0,0,0
Poorvi,1,1,0,0,0,0,1,1,0,0,1,0,0,0,0,1
Poorvikavasanta,1,0,0,0,0,0,1,1,0,0,0,0,0,0,0,1
Pratāpadhanyāsi,1,0,0,0,0,0,1,1,0,1,0,0,0,0,0,1
Pratāparanjani,1,1,0,0,0,0,0,1,0,1,1,0,0,0,0,1
Puranirmai,1,1,0,0,0,0,1,0,0,1,1,0,0,0,0,0
Rāmakali,1,1,0,0,0,0,1,0,0,1,1,0,0,0,0,0
Rāmakriya,1,0,0,0,0,0,1,1,0,1,1,0,0,0,0,1
Revagupti,1,1,0,0,0,0,1,0,0,1,1,0,0,0,0,0
Rukhmāmbari,1,1,0,0,0,0,1,0,0,1,0,0,0,0,0,1
Sāmantadeepara,1,1,0,0,0,0,1,1,0,1,0,0,0,0,0,1
Sāranga Nāta,1,1,0,0,0,0,0,1,0,1,1,0,0,0,0,0
Sāveri,1,1,0,0,0,0,0,1,0,1,1,0,0,0,0,0
Salanganāta,1,1,0,0,0,0,0,1,0,1,1,0,0,0,0,0
Satyāvati,1,1,0,0,0,0,1,0,0,1,1,0,0,0,0,0
Sindhu Rāmakriya,1,0,0,0,0,0,1,1,0,1,1,0,0,0,0,1
Surasindhu,1,0,0,0,0,0,1,1,0,1,1,0,0,0,0,1
Tārakagowla,1,0,0,0,0,0,1,1,0,0,1,0,0,0,0,1
Takka,1,1,0,0,0,0,1,1,0,1,1,0,0,0,0,1
Ushāvali,1,1,0,0,0,0,0,1,0,1,1,0,0,0,0,0
Vishārada,1,1,0,0,0,0,0,1,0,1,0,0,0,0,0,1
Chakravākam,1,1,0,0,0,0,1,1,0,1,0,1,0,0,1,0
Toyavegavāhini,1,1,0,0,0,0,1,1,0,1,0,1,0,0,1,0
Āhir Bhairavi,1,1,0,0,0,0,1,1,0,1,0,1,0,0,1,0
Bhakthapriya,1,0,0,0,0,0,1,1,0,1,0,1,0,0,1,0
Bhujāngini,1,1,0,0,0,0,1,1,0,0,0,1,0,0,1,0
Bindhumālini,1,1,0,0,0,0,1,1,0,1,0,0,0,0,1,0
Chakranārāyani,1,1,0,0,0,0,0,1,0,1,0,1,0,0,1,0
Ghoshini,1,0,0,0,0,0,1,1,0,1,0,1,0,0,1,0
Guhapriya,1,1,0,0,0,0,1,1,0,1,0,1,0,0,1,0
Kalāvati,1,1,0,0,0,0,0,1,0,1,0,1,0,0,0,0
Kokilā,1,1,0,0,0,0,1,1,0,0,0,1,0,0,1,0
Malayamārutam,1,1,0,0,0,0,1,0,0,1,0,1,0,0,1,0
Mukthāngi,1,1,0,0,0,0,1,1,0,1,0,1,0,0,1,0
Mukundamālini,1,1,0,0,0,1,0,0,0,1,0,1,0,0,0,0
Poornapanchamam,1,1,0,0,0,0,0,1,0,1,0,1,0,0,0,0
Pravritti,1,0,0,0,0,0,1,1,0,1,0,1,0,0,1,0
Rāgamanjari,1,1,0,0,0,0,0,1,0,1,0,1,0,0,0,0
Rasikaranjani,1,1,0,0,0,0,1,0,0,1,0,0,0,0,0,0
Rudra Panchami,1,0,0,0,0,0,1,1,0,0,0,1,0,0,1,0
Samya,1,1,0,0,0,0,1,0,0,1,0,0,0,0,1,0
Shree Nabhomārgini,1,0,0,0,0,0,1,1,0,1,0,1,0,0,1,0
Shyāmali,1,0,0,0,0,0,1,0,0,1,0,1,0,0,1,0
Subhāshini,1,1,0,0,0,0,1,1,0,1,0,1,0,0,1,0
Valaji,1,0,0,0,0,0,1,0,0,1,0,1,0,0,1,0
Veenadhāri,1,1,0,0,0,0,1,0,0,1,0,1,0,0,1,0
Vegavāhini,1,1,0,0,0,0,1,1,0,0,0,1,0,0,1,0
Sūryakāntam,1,1,0,0,0,0,1,1,0,1,0,1,0,0,0,1
Chāyāvathi,1,1,0,0,0,0,1,1,0,0,0,1,0,0,0,1
Bhairavam,1,1,0,0,0,0,1,1,0,1,0,1,0,0,0,1
Haridarpa,1,1,0,0,0,0,1,1,0,1,0,1,0,0,0,1
Jayasamvardhani,1,0,0,0,0,0,1,1,0,1,0,1,0,0,0,1
Jeevantikā,1,1,0,0,0,0,0,1,0,1,0,1,0,0,0,1
Kusumamāruta,1,0,0,0,0,0,0,1,0,1,0,1,0,0,0,1
Nāgachooḍāmani,1,1,0,0,0,0,1,1,0,1,0,1,0,0,0,0
Rohini,1,1,0,0,0,0,1,1,1,0,0,1,0,0,0,1
Sāmakannada,1,0,1,0,0,1,0,1,0,1,0,1,0,0,0,1
Sowrāshtram,1,1,0,0,0,0,1,1,0,1,0,1,0,0,0,1
Suddha Gowla,1,1,0,0,0,0,0,1,0,1,0,0,0,0,0,1
Supradeepam,1,1,0,0,0,0,0,1,0,1,0,1,0,0,0,1
Vasanthā,1,0,0,0,0,0,1,1,0,0,0,1,0,0,0,1
Hātakāmbari,1,1,0,0,0,0,1,1,0,1,0,0,1,0,0,1
Jayashuddhamālavi,1,1,0,0,0,0,1,1,0,1,0,0,0,0,0,1
Hamsanantini,1,0,0,0,0,0,1,1,0,1,0,0,0,0,0,0
Kallola,1,0,0,0,0,0,0,0,0,1,0,0,1,0,0,1
Simhala,1,1,0,0,0,0,1,1,0,1,0,0,1,0,0,1
Jhankāradhvani,1,0,1,0,0,1,0,1,0,1,1,0,0,1,0,0
Jhankārabhramari,1,0,1,0,0,1,0,1,0,1,1,0,0,1,0,0
Bhārati,1,0,1,0,0,1,0,1,0,1,0,0,0,0,0,0
Chittaranjani,1,0,1,0,0,1,0,1,0,1,1,0,0,1,0,0
Jalmika,1,0,1,0,1,0,0,1,0,1,1,0,0,1,0,0
Lalitabhairavi,1,0,0,0,0,1,0,1,0,1,1,0,0,0,0,0
Natabhairavi,1,0,1,0,0,1,0,1,0,1,1,0,0,0,1,0
Nārērētigowla,1,0,1,0,0,1,0,1,0,0,1,0,0,0,1,0
Abheri ,1,0,0,0,0,1,0,1,0,1,0,0,0,0,0,0
Anandabhairavi,1,0,1,0,0,1,0,1,0,1,0,1,0,0,0,0
Amrithavāhini,1,0,1,0,0,0,0,1,0,1,1,0,0,0,1,0
Bhairavi,1,0,1,0,0,1,0,1,0,1,0,1,0,0,1,0
Bhuvanagāndhāri,1,0,1,0,0,0,0,1,0,1,0,0,0,0,1,0
Chapagantarva,1,0,0,0,0,1,0,1,0,1,0,0,0,0,1,0
Darbāri Kānada,1,0,1,0,0,1,0,1,0,1,1,0,0,0,1,0
Devakriya,1,0,1,0,0,0,0,1,0,1,0,0,0,0,1,0
Dhanashree,1,0,0,0,0,1,0,1,0,1,0,0,0,0,1,0
Dharmaprakāshini,1,0,1,0,0,0,0,1,0,1,0,0,0,0,1,0
Dilipika Vasantha,1,0,0,0,0,1,0,1,0,1,1,0,0,0,1,0
Divyagāndhāri,1,0,0,0,0,1,0,1,0,1,1,0,0,0,1,0
Gopikāvasantam,1,0,1,0,0,1,0,1,0,1,1,0,0,0,1,0
Hindolam,1,0,0,0,0,1,0,1,0,0,1,0,0,0,1,0
Hindolavasanta,1,0,0,0,0,1,0,1,0,1,1,0,0,0,1,0
Indughantarava,1,0,0,0,0,1,0,1,0,1,1,0,0,0,0,0
Jayanthashrī,1,0,0,0,0,1,0,1,0,0,1,0,0,0,1,0
Jingaḷa,1,0,1,0,0,1,0,1,0,1,1,0,0,0,1,0
Kātyāyani,1,0,1,0,0,1,0,0,0,1,1,0,0,0,0,0
Kanakavasantham,1,0,0,0,0,1,0,1,0,1,1,0,0,0,1,0
Kshanika,1,0,0,0,0,1,0,1,0,1,1,0,0,0,0,0
Mānji,1,0,1,0,0,1,0,1,0,1,0,1,0,0,1,0
Mahati ,1,0,0,0,0,1,0,0,0,1,1,0,0,0,1,0
Malkosh / Malkauns,1,0,0,0,0,1,0,1,0,0,1,0,0,0,1,0
mArgahindOLaM,1,0,1,0,0,1,0,1,0,1,0,1,0,0,1,0
Nāgagāndhāri,1,0,1,0,0,1,0,1,0,1,1,0,0,0,1,0
Navarathna Vilāsam,1,0,1,0,0,1,0,1,0,1,1,0,0,0,0,0
Nīlamati,1,0,0,0,0,1,0,1,0,1,1,0,0,0,1,0
Nīlaveni,1,0,1,0,0,1,0,1,0,1,1,0,0,0,1,0
Poornashađjam,1,0,1,0,0,1,0,1,0,0,0,0,0,0,1,0
Rājarājeshwari,1,0,1,0,0,0,0,1,0,1,1,0,0,0,0,0
Sāramati,1,0,1,0,0,1,0,1,0,1,1,0,0,0,1,0
Sāranga Kāpi,1,1,0,0,0,0,0,1,0,1,0,0,0,0,1,0
Sharadapriya,1,0,1,0,0,1,0,0,0,1,0,0,0,0,1,0
Shree Navarasachandrika,1,0,1,0,0,1,0,1,0,1,1,0,0,0,0,0
Sindhu Dhanyāsi,1,0,0,0,0,1,0,1,0,1,0,0,0,0,1,0
Shuddha Desi,1,0,1,0,0,1,0,1,0,1,1,0,0,0,1,0
Shuddha Sālavi,1,0,0,0,0,1,0,1,0,1,0,0,0,0,1,0
Sukumāri,1,0,0,0,0,1,0,1,0,1,1,0,0,0,1,0
Sushama ,1,0,1,0,0,0,0,1,0,1,1,0,0,0,0,0
Sutradhāri,1,0,1,0,0,0,0,1,0,1,1,0,0,0,0,0
Tarkshika,1,0,1,0,0,0,0,1,0,1,0,0,0,0,1,0
Udayarāga,1,0,0,0,0,1,0,1,0,1,0,0,0,0,1,0
Vasantavarāli,1,0,1,0,0,0,0,1,0,1,1,0,0,0,0,0
Kīravāṇi,1,0,1,0,0,1,0,1,0,1,1,0,0,0,0,1
Keeranāvali,1,0,1,0,0,1,0,1,0,1,1,0,0,0,0,1
Aymmukhan,1,0,0,0,0,1,0,1,0,1,1,0,0,0,0,1
Bhānupriya,1,0,1,0,0,1,0,0,0,0,1,0,0,0,0,1
Beethovanapriya ,1,0,1,0,0,1,0,1,0,1,1,0,0,0,0,0
Chandrika,1,0,1,0,0,1,0,0,0,1,1,0,0,0,0,1
Gaganabhoopālam,1,0,0,0,0,1,0,1,0,1,1,0,0,0,0,1
Hamsapancama,1,0,0,0,0,1,0,1,0,1,1,0,0,0,0,1
Hamsavāhini,1,0,1,0,0,0,0,1,0,1,1,0,0,0,0,1
Jayashree,1,0,1,0,0,1,0,1,0,1,1,0,0,0,0,1
"Kadaram (Chandrakosh, Chandrakauns, Chandrakaush)",1,0,0,0,0,1,0,1,0,0,1,0,0,0,0,1
Kalyāna Vasantam,1,0,0,0,0,1,0,1,0,0,1,0,0,0,0,1
Kusumāvali,1,0,0,0,0,1,0,1,0,1,1,0,0,0,0,0
Mādhavi,1,0,0,0,0,1,0,1,0,1,1,0,0,0,0,1
Mishramanolayam,1,0,1,0,0,0,0,1,0,1,1,0,0,0,0,0
Priyadarshani,1,0,1,0,0,0,0,1,0,0,1,0,0,0,0,1
Rishipriya,1,0,1,0,0,1,0,1,0,1,1,0,0,0,0,1
Sāmapriya,1,0,1,0,0,0,0,1,0,1,1,0,0,0,0,0
Shrothasvini,1,0,0,0,0,1,0,1,0,1,0,0,0,0,0,1
Vasanthamanohari,1,0,1,0,0,1,0,1,0,0,1,0,0,0,0,1
Kharaharapriyā,1,0,1,0,0,1,0,1,0,1,0,1,0,0,1,0
Shree,1,0,1,0,0,0,0,1,0,1,0,0,0,0,1,0
Andolikā,1,0,1,0,0,0,0,1,0,1,0,0,0,0,1,0
Abheri,1,0,0,0,0,1,0,1,0,1,0,0,0,0,1,0
Abhogi,1,0,1,0,0,1,0,1,0,0,0,1,0,0,0,0
Ādi Kāpi,1,0,1,0,0,1,0,1,0,1,0,1,0,0,1,0
Āryamati,1,0,1,0,0,1,0,0,0,1,0,1,0,0,0,0
Agnikopa,1,0,0,0,0,1,0,1,0,1,0,0,0,0,1,0
Bālachandrika,1,0,0,0,0,1,0,1,0,1,0,1,0,0,1,0
Bageshri,1,0,0,0,0,1,0,1,0,0,0,1,0,0,1,0
Bhagavatapriya,1,0,1,0,0,1,0,1,0,1,0,0,0,0,1,0
Bhagavathpriya,1,0,1,0,0,1,0,1,0,1,0,1,0,0,1,0
Chakrapradipta,1,0,1,0,0,1,0,1,0,1,0,1,0,0,1,0
Darbar,1,0,1,0,0,0,0,1,0,1,0,1,0,0,1,0
Dayavati,1,0,1,0,0,1,0,0,0,1,0,0,0,0,1,0
Devāmruthavarshani,1,0,1,0,0,1,0,1,0,0,0,1,0,0,1,0
Deva Manohari,1,0,1,0,0,0,0,1,0,1,0,1,0,0,1,0
Dhanakāpi,1,0,1,0,0,0,0,1,0,1,0,0,0,0,1,0
Dilipika,1,0,1,0,0,1,0,1,0,1,0,1,0,0,1,0
Gowla Kannada,1,0,1,0,0,1,0,1,0,1,0,1,0,0,1,0
Hamsa ābheri,1,0,0,0,0,1,0,1,0,1,0,0,0,0,1,0
Haridasapriya,1,0,0,0,0,0,1,1,0,1,0,0,0,0,1,0
Harinārāyani,1,0,1,0,0,1,0,1,0,1,0,1,0,0,1,0
Hindustāni Kāpi,1,0,1,0,0,0,0,1,0,1,0,0,0,0,1,0
Huseni,1,0,1,0,0,1,1,1,0,1,0,1,0,0,1,1
Jatādhāri,1,0,1,0,0,0,0,1,0,1,0,1,0,0,1,0
Jayamanohari,1,0,1,0,0,1,0,1,0,0,0,1,0,0,0,0
Jayanārāyani,1,0,1,0,0,1,0,1,0,1,0,1,0,0,0,0
Jayanthasena,1,0,0,0,0,1,0,1,0,1,0,1,0,0,0,0
Kanadā,1,0,1,0,0,1,0,1,0,0,0,1,0,0,1,0
Kāpi,1,0,1,0,0,0,0,1,0,1,0,0,0,0,0,1
Kāpijingala,1,0,1,0,0,1,0,1,0,0,0,0,0,0,1,0
Kalānidhi,1,0,1,0,0,1,0,1,0,1,0,1,0,0,1,0
Kalika,1,0,1,0,0,1,0,0,0,1,0,1,0,0,1,0
Kannadagowla,1,0,1,0,0,1,0,1,0,1,0,0,0,0,1,0
Karnātaka Hindolam,1,0,0,0,0,1,0,1,0,0,0,1,0,0,1,0
Karnātaka Kāpi,1,0,1,0,0,1,0,1,0,1,0,1,0,0,1,0
Karnātaka Devagāndhari,1,0,0,0,0,1,0,1,0,1,0,0,0,0,1,0
Karnaranjani,1,0,1,0,0,1,0,1,0,1,0,1,0,0,0,0
Kowmodaki,1,0,1,0,0,1,0,1,0,1,0,1,0,0,1,0
Kowshika,1,0,0,0,0,1,0,1,0,0,0,1,0,0,1,0
Lalitamanohari,1,0,0,0,0,1,0,1,0,1,0,1,0,0,1,0
Mādhavamanohari,1,0,1,0,0,1,0,1,0,1,0,1,0,0,1,0
Mālavashree,1,0,0,0,0,1,0,1,0,1,0,1,0,0,1,0
Māyapradeeptam,1,0,0,0,0,1,0,1,0,1,0,1,0,0,1,0
Madhyamarāvali,1,0,1,0,0,1,0,0,0,1,0,1,0,0,1,0
Madhyamāvathi,1,0,1,0,0,0,0,1,0,1,0,0,0,0,1,0
Mahānandhi,1,0,1,0,0,1,0,0,0,1,0,1,0,0,0,0
Mandāmari,1,0,1,0,0,0,0,1,0,1,0,1,0,0,0,0
Mangalāvathi,1,0,1,0,0,0,0,1,0,1,0,1,0,0,0,0
Manirangu,1,0,1,0,0,0,0,1,0,1,0,0,0,0,1,0
Manjari,1,0,1,0,0,1,0,1,0,1,0,1,0,0,1,0
Manohari,1,0,1,0,0,1,0,1,0,1,0,1,0,0,0,0
Manorama,1,0,1,0,0,1,0,1,0,1,1,0,0,0,0,0
Maruvadhanyāsi,1,0,0,0,0,1,0,1,0,1,0,1,0,0,0,0
Mishra shivaranjani,1,0,1,0,0,1,0,0,0,1,0,1,0,0,0,0
Mukhāri,1,0,1,0,0,0,0,1,0,1,0,1,0,0,1,0
Nādachintāmani,1,0,1,0,0,1,0,1,0,0,0,1,0,0,1,0
Nādatārangini,1,0,1,0,0,1,0,1,0,1,0,0,0,0,0,0
Nādavarangini,1,0,0,0,0,0,0,1,0,1,0,1,0,0,1,0
Nāgari,1,0,1,0,0,0,0,1,0,1,0,1,0,0,1,0
Nāgavalli,1,0,1,0,0,0,0,1,0,0,0,1,0,0,1,0
Nāyaki,1,0,1,0,0,0,0,1,0,1,0,1,0,0,1,0
Nigamagāmini,1,0,0,0,0,1,0,1,0,0,0,0,0,0,1,0
Nirmalāngi,1,0,1,0,0,0,0,1,0,1,0,0,0,0,1,0
Omkāri,1,0,1,0,0,1,0,1,0,1,0,1,0,0,0,0
Panchamam,1,0,1,0,0,0,0,0,0,1,0,1,0,0,1,0
Phalamanjari,1,0,0,0,0,1,0,1,0,0,0,1,0,0,0,0
Phalaranjani,1,0,0,0,0,1,0,1,0,1,0,1,0,0,0,0
Poornakalānidhi,1,0,0,0,0,1,0,1,0,1,0,1,0,0,1,0
Pushpalathika,1,0,1,0,0,1,0,1,0,1,0,0,0,0,1,0
Ratipatipriya,1,0,1,0,0,1,0,0,0,1,0,0,0,0,1,0
Reethigowla,1,0,1,0,0,1,0,1,0,0,0,1,0,0,1,0
Rudrapriyā,1,0,1,0,0,1,0,1,0,1,0,1,0,0,1,0
Sahāna (Original),1,0,1,0,0,1,0,1,0,1,0,1,0,0,1,0
Sālagabhairavi,1,0,1,0,0,0,0,1,0,1,0,1,0,0,0,0
Saindhavi,1,0,1,0,0,1,0,1,0,1,0,1,0,0,1,0
Sangrama,1,0,1,0,0,0,0,1,0,1,0,1,0,0,1,0
Sankrāndanapriyā,1,0,1,0,0,1,0,0,0,1,0,1,0,0,0,0
Sarvachoodāmani,1,0,1,0,0,1,0,1,0,1,0,1,0,0,1,0
Shivapriyā,1,0,1,0,0,1,0,0,0,1,0,1,0,0,0,0
Shivaranjani,1,0,1,0,0,1,0,0,0,1,0,1,0,0,0,0
Shree Manohari,1,0,1,0,0,1,0,1,0,1,0,1,0,0,0,0
Shree Manoranjani,1,0,0,0,0,1,0,1,0,0,0,1,0,0,1,0
Shreeranjani,1,0,1,0,0,1,0,1,0,0,0,1,0,0,1,0
Siddhasena,1,0,1,0,0,1,0,1,0,1,0,1,0,0,0,0
Suddha Bangāla,1,0,1,0,0,0,0,1,0,1,0,1,0,0,0,0
Suddha Bhairavi,1,0,0,0,0,1,0,1,0,1,0,1,0,0,1,0
Suddha Dhanyāsi,1,0,0,0,0,1,0,1,0,1,0,0,0,0,1,0
Suddha Hindolam (Varamu),1,0,0,0,0,1,0,1,0,0,0,1,0,0,1,0
Suddha Manohari,1,0,1,0,0,1,0,1,0,1,0,1,0,0,0,0
Suddha Velāvali,1,0,1,0,0,0,0,1,0,1,0,0,0,0,1,0
Sugunabhooshani,1,0,0,0,0,1,0,1,0,1,0,1,0,0,1,0
Swarabhooshani,1,0,0,0,0,1,0,1,0,1,0,1,0,0,1,0
Swarakalānidhi,1,0,0,0,0,1,0,1,0,1,0,1,0,0,1,0
Swararanjani,1,0,1,0,0,1,0,1,0,0,0,1,0,0,1,0
Tavamukhāri,1,0,1,0,0,1,0,0,0,1,0,1,0,0,0,0
Vajrakānti,1,0,0,0,0,1,0,1,0,1,0,0,0,0,1,0
Gourimanohari,1,0,1,0,0,1,0,1,0,1,0,1,0,0,0,1
Gowrivelāvali,1,0,1,0,1,1,0,1,0,1,0,1,0,0,0,0
Gowrishankar,1,0,1,0,0,1,0,1,0,1,0,0,0,0,0,1
Hamsadeepika,1,0,1,0,0,1,0,1,0,0,0,1,0,0,0,0
Hrudkamali,1,0,1,0,0,0,0,1,0,0,0,1,0,0,0,1
Lavanthika,1,0,1,0,0,0,0,1,0,1,0,0,0,0,0,1
Sundaramanohari,1,0,1,0,0,0,0,1,0,1,0,0,0,0,0,1
Thyagaraja Mangalam,1,0,0,0,0,1,0,1,0,1,0,0,0,0,0,1
Vasantashree (Amba Manohari),1,0,1,0,0,1,0,1,0,0,0,1,0,0,0,1
Velāvali,1,0,1,0,0,1,0,1,0,1,0,1,0,0,0,1
Varuṇapriyā,1,0,1,0,0,1,0,1,0,1,0,0,1,0,0,1
Veeravasantham,1,0,1,0,0,1,0,1,0,1,0,0,0,0,0,0
Māraranjani,1,0,1,0,0,0,1,1,0,1,1,0,0,1,0,0
Sharāvathi,1,0,1,0,0,0,1,1,0,1,1,0,0,1,0,0
Devasalaga,1,0,0,0,0,0,1,0,0,1,1,0,0,1,0,0
Kesari,1,0,1,0,0,0,1,1,0,1,1,0,0,0,0,0
Gayakamandini,1,0,1,0,0,0,1,1,0,1,1,0,0,0,0,0
Rājathilaka,1,0,1,0,0,0,1,1,0,1,0,0,0,0,0,0
Chārukesi,1,0,1,0,0,0,1,1,0,1,1,0,0,0,1,0
Tarangini,1,0,1,0,0,0,1,0,0,1,1,0,0,0,1,0
Chirswaroopi,1,0,1,0,0,0,1,1,0,1,1,0,0,0,1,0
Māravi,1,0,0,0,0,0,1,1,0,1,0,0,0,0,1,0
Poorvadhanyāsi,1,0,0,0,0,0,1,1,0,0,0,0,0,0,1,0
Shiva Manohari,1,0,0,0,0,0,1,1,0,1,1,0,0,0,1,0
Shukrajyothi,1,0,1,0,0,0,1,1,0,1,1,0,0,0,1,0
Ushābharanam,1,0,0,0,0,0,1,1,0,1,1,0,0,0,1,0
Sarasāngi,1,0,1,0,0,0,1,1,0,1,1,0,0,0,0,1
Sowrasenā,1,0,1,0,0,0,0,1,0,1,1,0,0,0,0,0
Haripriya,1,1,0,0,0,0,1,1,0,1,0,0,0,0,0,0
Srirangapriya,1,0,1,0,0,0,1,1,0,1,1,0,0,0,0,0
Kamalā Manohari,1,0,0,0,0,0,1,1,0,1,0,0,0,0,0,1
Madhulika,1,0,1,0,0,0,1,1,0,0,0,0,0,0,0,1
Nalinakānthi,1,0,1,0,0,0,1,1,0,1,0,0,0,0,0,1
Neelamani,1,0,1,0,0,0,0,1,0,1,1,0,0,0,0,1
Salavi,1,0,1,0,0,0,1,1,0,1,1,0,0,0,0,1
Sarasānana,1,0,1,0,0,0,1,1,0,0,1,0,0,0,0,1
Saraseeruha,1,0,1,0,0,0,1,1,0,0,1,0,0,1,0,0
Simhavāhini,1,0,0,0,0,1,0,1,0,1,1,0,0,0,0,1
Surasena,1,0,1,0,0,0,0,1,0,1,1,0,0,0,0,0
Vasanthi,1,0,1,0,0,0,1,0,0,1,1,0,0,0,0,0
Harikāmbhōji,1,0,1,0,0,0,1,1,0,1,0,1,0,0,1,0
Harikedāragowla,1,0,1,0,0,0,1,1,0,1,0,1,0,0,1,0
Ambhojini,1,0,1,0,0,0,1,1,0,0,0,1,0,0,0,0
Andhali,1,0,1,0,0,0,0,1,0,1,0,0,0,0,1,0
Aparoopam,1,0,1,0,0,0,1,1,0,1,0,1,0,0,1,0
Bālahamsa,1,0,1,0,0,0,0,1,0,1,0,1,0,0,0,0
Bahudāri,1,0,0,0,0,0,1,1,0,1,0,1,0,0,1,0
Chāyalagakhamās,1,0,0,0,0,0,1,1,0,1,0,1,0,0,1,0
Chāyatārangini,1,0,1,0,0,0,1,1,0,1,0,0,0,0,1,0
Chandrahasitham,1,0,1,0,0,0,1,1,0,0,0,1,0,0,1,0
Dasharatipriya,1,0,0,0,0,0,1,1,0,1,0,1,0,0,1,0
Dayaranjani,1,0,1,0,0,0,0,1,0,1,0,1,0,0,0,0
Deshākshi,1,0,1,0,0,0,1,0,0,1,0,1,0,0,0,0
Dwaithachintāmani,1,0,0,0,0,0,1,1,0,0,0,1,0,0,1,0
Dwijāvanthi /Jujāvanthi,1,0,1,0,0,0,1,1,0,1,0,1,0,0,0,0
Eeshamanohari,1,0,1,0,0,0,1,1,0,1,0,1,0,0,1,0
Eeshaivaridhi,1,0,1,0,0,0,0,1,0,0,0,1,0,0,1,0
Gāndhāralola,1,0,1,0,0,0,0,1,0,1,0,1,0,0,0,0
Guhamanohari,1,0,1,0,0,0,0,1,0,0,0,1,0,0,1,0
Guharanjani,1,0,1,0,0,0,0,1,0,1,0,1,0,0,1,0
Hamsaroopini,1,0,1,0,0,0,1,0,0,1,0,1,0,0,0,0
Harikedāram,1,0,1,0,0,0,1,1,0,1,0,1,0,0,1,0
Harini,1,0,0,0,0,0,1,1,0,1,0,1,0,0,1,0
Harithapriya,1,0,1,0,0,0,0,1,0,1,0,1,0,0,0,0
Hemasāranga,1,0,1,0,0,0,1,1,0,1,0,1,0,0,1,0
Jaithshree,1,0,1,0,0,0,1,0,0,1,0,1,0,0,0,0
Jana Sammodhini,1,0,1,0,0,0,1,0,0,1,0,1,0,0,1,0
Jayarāma,1,0,1,0,0,0,1,1,0,1,0,1,0,0,1,0
Jujahuli,1,0,0,0,0,0,1,1,0,1,0,1,0,0,1,0
Kāmbhoji,1,0,1,0,0,0,1,1,0,1,0,1,0,0,0,0
Kāpi Nārāyani,1,0,1,0,0,0,0,1,0,1,0,1,0,0,1,0
Kamās,1,0,0,0,0,0,1,1,0,1,0,1,0,0,1,0
Karnātaka Behāg,1,0,1,0,0,0,1,1,0,1,0,1,0,0,1,0
Karnātaka Devagāndhāri,1,0,0,0,0,0,1,1,0,1,0,0,0,0,1,0
Karnātaka Khamās,1,0,0,0,0,0,1,1,0,1,0,1,0,0,1,0
Kedāragowla,1,0,1,0,0,0,0,1,0,1,0,0,0,0,1,0
Keshavapriyā,1,0,1,0,0,0,0,1,0,1,0,1,0,0,1,0
Kokiladhwani,1,0,1,0,0,0,1,1,0,0,0,1,0,0,1,0
Kokilavarāli,1,0,1,0,0,0,0,1,0,1,0,1,0,0,0,0
Kunthalavarāli,1,0,0,0,0,0,0,1,0,1,0,1,0,0,1,0
Mālavi,1,0,1,0,0,0,1,1,0,1,0,1,0,0,1,0
Madhurakokila,1,0,1,0,0,0,1,0,0,0,0,1,0,0,1,0
Mahathi,1,0,0,0,0,0,1,0,0,1,0,0,0,0,1,0
Mahuri,1,0,1,0,0,0,1,1,0,1,0,1,0,0,0,0
Manjupriya,1,0,0,0,0,0,1,1,0,1,0,0,0,0,1,0
Manoharam,1,0,1,0,0,0,1,1,0,0,0,1,0,0,1,0
Mattakokila,1,0,1,0,0,0,0,0,0,1,0,1,0,0,1,0
Meghana,1,0,0,0,0,0,1,1,0,1,0,1,0,0,0,0
Mohanam,1,0,1,0,0,0,1,0,0,1,0,1,0,0,0,0
Nādavalli,1,0,1,0,0,0,0,1,0,0,0,1,0,0,1,0
Nāgaswarāvali,1,0,0,0,0,0,1,1,0,1,0,1,0,0,0,0
Nārāyanagowla,1,0,1,0,0,0,0,1,0,1,0,1,0,0,1,0
Nārāyani,1,0,1,0,0,0,0,1,0,1,0,1,0,0,0,0
Nāttai Kurinji,1,0,1,0,0,0,1,1,0,1,0,1,0,0,1,0
Nāttai Nārāyani,1,0,1,0,0,0,1,1,0,0,0,1,0,0,1,0
Narani,1,0,1,0,0,0,0,1,0,1,0,1,0,0,0,0
Navarasa Kalānidhi,1,0,1,0,0,0,0,1,0,1,0,0,0,0,1,0
Navarasa kannada,1,0,0,0,0,0,1,1,0,1,0,0,0,0,0,0
Neela,1,0,0,0,0,0,1,1,0,0,0,1,0,0,1,0
Pārsi,1,0,1,0,0,0,1,1,0,0,0,1,0,0,1,0
Parameshwarapriyā,1,0,1,0,0,0,1,1,0,1,0,0,0,0,1,0
Pashupathipriyā,1,0,1,0,0,0,0,1,0,1,0,1,0,0,0,0
Poornakāmbhoji,1,0,1,0,0,0,1,1,0,1,0,0,0,0,1,0
Pratāpa Nāttai,1,0,1,0,0,0,1,1,0,1,0,1,0,0,0,1
Pratāpavarāli,1,0,1,0,0,0,0,1,0,1,0,1,0,0,0,0
Pravalajyoti,1,0,1,0,0,0,0,1,0,1,0,1,0,0,1,0
Rāgapanjaramu,1,0,1,0,0,0,0,1,0,1,0,1,0,0,1,0
Rāgavinodini,1,0,1,0,0,0,1,1,0,0,0,1,0,0,0,0
Rāgeshree,1,0,0,0,0,0,1,1,0,0,0,1,0,0,1,0
Ravi Chandrikā,1,0,1,0,0,0,1,1,0,0,0,1,0,0,0,0
Sāvithri,1,0,0,0,0,0,1,1,0,1,0,0,0,0,1,0
Sahāna,1,0,1,0,0,0,1,1,0,1,0,1,0,0,1,0
Saraswathi Manohari,1,0,1,0,0,0,1,1,0,0,0,1,0,0,0,0
Sathvamanjari,1,0,1,0,0,0,0,1,0,1,0,1,0,0,0,0
Shakunthala,1,0,1,0,0,0,1,1,0,0,0,1,0,0,1,0
Shankaraharigowla,1,0,1,0,0,0,1,1,0,1,0,1,0,0,0,1
Shenchukāmbhoji,1,0,0,0,0,0,0,1,0,1,0,1,0,0,1,0
Chenjurutti,1,0,1,0,0,0,1,1,0,1,0,1,0,0,1,0
Shiva Kāmbhoji,1,0,1,0,0,0,1,1,0,0,0,0,0,0,1,0
Surutti,1,0,1,0,0,0,0,1,0,1,0,1,0,0,1,0
Shyāmā,1,0,1,0,0,0,1,1,0,1,0,1,0,0,0,0
Simhavikrama,1,0,1,0,0,0,1,1,0,1,0,1,0,0,1,0
Sindhu Kannada,1,0,1,0,0,0,1,1,0,1,0,1,0,0,0,0
Sindhu Surutti,1,0,1,0,0,0,0,1,0,1,0,0,0,0,1,0
Suddha Khamās,1,0,0,0,0,0,1,1,0,1,0,1,0,0,1,0
Suddha Varāli,1,0,1,0,0,0,1,1,0,0,0,1,0,0,1,0
Suddha,1,0,1,0,0,0,0,1,0,1,0,1,0,0,0,0
Suddhatarangini,1,0,1,0,0,0,0,1,0,1,0,1,0,0,0,0
Sumanapriyā,1,0,1,0,0,0,1,1,0,1,0,1,0,0,0,0
Suposhini,1,0,1,0,0,0,0,1,0,1,0,1,0,0,1,0
Suvarnakriyā,1,0,1,0,0,0,1,0,0,1,0,1,0,0,1,0
Swarāvali,1,0,0,0,0,0,1,1,0,1,0,1,0,0,1,0
Swaravedi,1,0,0,0,0,0,1,1,0,1,0,1,0,0,1,0
Tilakavathi,1,0,1,0,0,0,1,1,0,1,0,1,0,0,0,0
Umābharanam,1,0,1,0,0,0,1,1,0,1,0,1,0,0,1,0
Vaishnavi,1,0,1,0,0,0,1,1,0,1,0,1,0,0,0,0
Veenavadini,1,0,1,0,0,0,1,0,0,1,0,0,0,0,1,0
Vivardhani,1,0,1,0,0,0,0,1,0,1,0,0,0,0,0,0
Yadukula Kāmbhoji,1,0,1,0,0,0,0,1,0,1,0,1,0,0,0,0
Dhīraśankarābharaṇam,1,0,1,0,0,0,1,1,0,1,0,1,0,0,0,1
Ānandharoopa,1,0,1,0,0,0,1,0,0,1,0,1,0,0,0,1
Ārabhi,1,0,1,0,0,0,0,1,0,1,0,1,0,0,0,0
Atāna,1,0,1,0,0,0,0,1,0,1,0,0,0,0,1,0
Bangāla,1,0,1,0,0,0,1,1,0,1,0,0,0,0,0,0
Begada,1,0,1,0,0,0,1,1,0,1,0,1,0,0,0,0
Behāg ,1,0,0,0,0,0,1,1,0,1,0,1,0,0,0,1
Behāg Deshikam,1,0,1,0,0,0,1,1,1,1,0,1,0,0,0,1
Bilahari,1,0,1,0,0,0,1,0,0,1,0,1,0,0,0,0
Buddhamanohari,1,0,1,0,0,0,1,1,0,1,0,0,0,0,0,0
Buddharanjani,1,0,1,0,0,0,1,1,0,1,0,0,0,0,0,0
Chāyā,1,0,1,0,0,0,0,1,0,1,0,1,0,0,0,1
Chāyashankarābharanam,1,1,0,0,0,0,0,1,0,1,0,1,0,0,0,1
Devagāndhāri,1,0,1,0,0,0,0,1,0,1,0,1,0,0,0,0
Dharmalakhi,1,0,0,0,0,0,0,1,0,1,0,1,0,0,0,1
Dhurvanki,1,0,1,0,0,0,0,1,0,1,0,1,0,0,0,0
Gajagowri,1,0,1,0,0,0,1,1,0,1,0,1,0,0,0,1
Garudadhvani,1,0,1,0,0,0,1,1,0,1,0,1,0,0,0,1
Gowdamalhār,1,0,1,0,0,0,0,1,0,1,0,1,0,0,0,0
Hamsadhwani,1,0,1,0,0,0,1,0,0,1,0,0,0,0,0,1
Hamsavinodhini,1,0,1,0,0,0,1,1,0,0,0,1,0,0,0,1
Jana Ranjani,1,0,1,0,0,0,1,1,0,1,0,1,0,0,0,1
Julavu,1,0,1,0,0,0,1,1,0,1,0,1,0,0,0,1
Kamaripriyā,1,0,0,0,0,0,1,1,0,0,0,1,0,0,0,1
Kannada,1,0,1,0,0,0,1,1,0,1,0,1,0,0,0,1
Kathanakuthuhalam,1,0,1,0,0,0,1,1,0,1,0,1,0,0,0,1
Kedaram,1,0,0,0,0,0,1,1,0,1,0,0,0,0,0,1
Kokilabhāshani,1,0,1,0,0,0,1,1,0,1,0,1,0,0,0,1
Kolahalam,1,0,0,0,0,0,1,1,0,1,0,1,0,0,0,1
Kurinji,1,0,1,0,0,0,1,1,0,1,0,1,0,0,0,1
Kusumavichithra,1,0,1,0,0,0,1,1,0,1,0,1,0,0,0,1
Kutuhala,1,0,1,0,0,0,0,1,0,1,0,1,0,0,0,1
Lahari,1,0,1,0,0,0,1,0,0,1,0,1,0,0,0,0
Māyadravila,1,0,1,0,0,0,1,1,0,1,0,1,0,0,0,1
Mohanadhwani,1,0,1,0,0,0,1,0,0,1,0,1,0,0,0,0
Nāgabhooshani,1,0,1,0,0,0,0,1,0,1,0,1,0,0,0,1
Nāgadhwani,1,0,1,0,0,0,1,1,0,1,0,1,0,0,0,1
Nārāyanadeshākshi,1,0,1,0,0,0,1,1,0,1,0,1,0,0,0,1
Navaroj,1,0,1,0,0,0,1,1,0,1,0,1,0,0,0,1
Neelāmbari,1,0,1,0,0,0,1,1,0,1,0,1,0,0,0,1
Niroshta,1,0,1,0,0,0,1,0,0,0,0,1,0,0,0,1
Poornachandrika,1,0,1,0,0,0,1,1,0,1,0,1,0,0,0,0
Poornagowla,1,0,1,0,0,0,1,1,0,1,0,1,0,0,0,1
Poorvagowla,1,0,1,0,0,0,1,1,0,1,0,1,0,0,0,1
Rathnabhooshani,1,0,1,0,0,0,1,1,0,1,0,0,0,0,0,0
Reetuvilāsa,1,0,0,0,0,0,1,1,0,1,0,1,0,0,0,1
Sāranga Mallār,1,0,1,0,0,0,0,1,0,1,0,1,0,0,0,1
Shankara,1,0,0,0,0,0,1,0,0,1,0,0,0,0,0,0
Shankaramohana,1,0,1,0,0,0,1,0,0,1,0,1,0,0,0,1
Shankari,1,0,0,0,0,0,1,0,0,1,0,0,0,0,0,1
Sindhu,1,0,0,0,0,0,0,1,0,1,0,1,0,0,0,0
Sindhu Mandāri,1,0,1,0,0,0,1,1,0,1,0,0,0,0,0,0
Suddha Mālavi,1,0,1,0,0,0,1,1,0,1,0,0,0,0,0,1
Suddha Sārang,1,0,1,0,0,0,1,1,0,1,0,1,0,0,0,1
Suddha Sāveri,1,0,1,0,0,0,0,1,0,1,0,1,0,0,0,0
Suddha Vasantha,1,0,1,0,0,0,1,1,0,1,0,0,0,0,0,1
Suranandini,1,0,1,0,0,0,1,0,0,1,0,1,0,0,0,1
Suraranjani,1,0,1,0,0,0,1,1,0,1,0,1,0,0,0,0
Tāndavam,1,0,0,0,0,0,1,0,0,1,0,1,0,0,0,1
Vallabhi,1,0,1,0,0,0,1,1,0,1,0,1,0,0,0,1
Vasanthamalai,1,0,1,0,0,0,0,1,0,1,0,0,0,0,0,1
Vedhāndhagamana,1,0,0,0,0,0,1,1,0,1,0,0,0,0,0,1
Veerapratāpa,1,0,0,0,0,0,1,1,0,1,0,1,0,0,0,0
Vilāsini,1,0,1,0,0,0,1,1,0,1,0,0,0,0,0,1
Nāganandini,1,0,1,0,0,0,1,1,0,1,0,0,1,0,0,1
Nāgabharanam,1,0,1,0,0,1,0,1,0,1,0,0,1,0,0,1
Gambheeravani,1,0,0,0,0,0,1,1,0,1,0,0,1,0,0,1
Lalithagāndharva,1,0,1,0,0,0,1,1,0,1,0,0,1,0,0,1
Sāmanta,1,0,1,0,0,0,1,1,0,1,0,0,1,0,0,1
Yāgapriyā,1,0,0,1,0,0,1,1,0,1,1,0,0,1,0,0
Kalāvathi,1,0,0,1,0,0,1,1,0,1,1,0,0,1,0,0
Damarugapriya,1,0,0,1,0,0,1,0,0,1,1,0,0,1,0,0
Desharanjani,1,0,0,1,0,0,0,1,0,1,1,0,0,1,0,0
Deshyathodi,1,0,0,0,0,1,0,1,0,1,1,0,0,0,1,0
Kalāhamsa,1,0,0,1,0,0,1,1,0,1,1,0,0,0,0,0
Niranjani,1,0,0,1,0,0,0,1,0,0,1,0,0,1,0,0
Prathāpahamsi,1,0,0,0,0,0,1,1,0,1,1,0,0,1,0,0
Rāgavardhini,1,0,0,1,0,0,1,1,0,1,1,0,0,0,1,0
Rāgachoodāmani,1,0,0,1,0,0,1,1,0,1,0,0,0,0,1,0
Amudagāndhāri,1,0,0,0,0,0,1,1,0,1,1,0,0,0,1,0
Dhowmya,1,0,0,1,0,0,1,1,0,1,1,0,0,0,1,0
Hindoladarbār,1,0,0,0,0,0,1,1,0,1,0,0,0,0,0,0
Ramyā,1,0,0,1,0,0,1,1,0,1,1,0,0,0,1,0
Sāmantajingala,1,0,0,1,0,0,1,1,0,1,1,0,0,0,1,0
Gāngeyabhuśani,1,0,0,1,0,0,1,1,0,1,1,0,0,0,0,1
Gangātarangini,1,0,0,1,0,0,1,1,0,1,1,0,0,0,0,1
Vāgadhīśvari,1,0,0,1,0,0,1,1,0,1,0,1,0,0,1,0
Amarasindhu,1,0,0,1,0,0,1,0,0,1,0,1,0,0,1,0
Bhogachāyā Nāttai,1,0,0,1,0,0,1,1,0,1,0,0,0,0,1,0
Bhānumanjari,1,0,0,1,0,0,1,1,0,1,0,0,0,0,1,0
Chāyanāttai,1,0,0,1,0,0,1,1,0,1,0,0,0,0,0,0
Maghathi,1,0,0,1,0,0,0,1,0,1,0,1,0,0,1,0
Drāvida Kalāvati,1,0,0,1,0,0,1,0,0,1,0,1,0,0,0,0
Mohanāngi,1,0,0,1,0,0,1,0,0,1,0,1,0,0,0,0
Murali,1,0,0,1,0,0,1,1,0,0,0,1,0,0,1,0
Sharadabharana,1,0,0,0,0,0,1,1,0,1,0,1,0,0,1,0
Vikhavathi,1,0,0,1,0,0,1,0,0,1,0,1,0,0,0,0
Śūlini,1,0,0,1,0,0,1,1,0,1,0,1,0,0,0,1
Shailadeshākshhi,1,0,0,0,0,0,1,1,0,1,0,1,0,0,0,0
Suryavasantham,1,0,0,0,0,0,1,1,0,0,0,1,0,0,0,1
Dheerahindolam,1,0,0,0,0,0,1,1,0,0,0,1,0,0,0,1
Ganavaridhi,1,0,0,1,0,0,1,1,0,1,0,1,0,0,1,1
Shokavarāli,1,0,0,0,0,0,1,0,0,0,0,1,0,0,0,1
Chalanāṭṭai,1,0,0,1,0,0,1,1,0,1,0,0,1,0,0,1
Devanāttai,1,0,0,0,0,0,1,1,0,1,0,0,0,0,0,0
Gambheeranāṭṭai,1,0,0,0,0,0,1,1,0,1,0,0,0,0,0,1
Ganaranjani,1,0,0,1,0,0,1,1,0,1,0,0,1,0,0,1
Nāṭṭai,1,0,0,1,0,0,1,1,0,1,0,0,0,0,0,1
Sālagam,1,1,0,0,1,0,0,0,1,1,1,0,0,1,0,0
Sowgandhini,1,1,0,0,0,0,0,0,1,1,1,0,0,0,0,0
Bhogasāveri,1,1,0,0,0,0,0,0,1,0,1,0,0,1,0,0
Jalārnavam,1,1,0,0,1,0,0,0,1,1,1,0,0,0,1,0
Jaganmohinam,1,1,0,0,1,0,0,0,1,1,1,0,0,0,1,0
Jaganmohana,1,1,0,0,1,0,0,0,1,1,0,1,0,0,0,0
Jhālavarāḷi,1,1,0,0,1,0,0,0,1,1,1,0,0,0,0,1
Dhālivarāli,1,1,0,0,1,0,0,0,1,1,1,0,0,0,0,1
Bhoopālapanchamam,1,1,0,0,1,0,0,0,1,1,1,0,0,0,0,0
Godari,1,1,0,0,1,0,0,0,1,1,1,0,0,0,0,1
Jālasugandhi,1,1,0,0,1,0,0,0,1,1,1,0,0,0,0,0
Janāvali,1,1,0,0,0,1,0,0,1,1,1,0,0,0,0,1
Karunāmritavarshini,1,1,0,0,1,0,0,0,1,1,1,0,0,0,0,1
Kokilapanchamam,1,1,0,0,1,0,0,0,0,1,1,0,0,0,0,1
Varāli,1,1,0,0,1,0,0,0,1,1,1,0,0,0,0,1
Navanītam,1,1,0,0,1,0,0,0,1,1,0,1,0,0,1,0
Nabhomani,1,1,0,0,1,0,0,0,1,1,0,0,0,0,0,0
Pāvani,1,1,0,0,1,0,0,0,1,1,0,1,0,0,0,1
Kumbhini,1,1,0,0,1,0,0,0,1,1,0,1,0,0,0,1
Chandrajyothi,1,1,0,0,1,0,0,0,1,1,0,1,0,0,0,0
Prabhāvali,1,1,0,0,0,0,0,0,1,1,0,1,0,0,0,1
Poornalalitha,1,1,0,0,1,0,0,0,1,1,0,1,0,0,0,1
Raghupriyā,1,1,0,0,1,0,0,0,1,1,0,0,1,0,0,1
Ravi Kriyā,1,1,0,0,1,0,0,0,1,1,0,0,1,0,0,1
Gāndharva,1,1,0,0,1,0,0,0,1,1,0,0,1,0,0,1
Gomathi,1,1,0,0,1,0,0,0,1,1,0,0,1,0,0,1
Raghuleela,1,1,0,0,1,0,0,0,1,1,0,0,0,0,0,1
Ghavāmbhodi,1,1,0,0,0,1,0,0,1,1,1,0,0,1,0,0
Geervāni,1,1,0,0,0,1,0,0,1,1,1,0,0,1,0,0
Kanchanabowli,1,0,0,0,0,1,0,0,1,1,1,0,0,0,0,0
Mechagāndhāri,1,0,0,1,0,0,1,1,0,1,0,1,0,0,1,0
Suvarnadeepakam,1,1,0,0,0,1,0,0,1,1,1,0,0,0,0,0
Vijayabhooshāvali,1,1,0,0,0,0,1,0,1,1,0,0,0,0,0,0
Bhavapriyā,1,1,0,0,0,1,0,0,1,1,1,0,0,0,1,0
Bhavāni,1,1,0,0,0,1,0,0,1,0,1,0,0,0,1,0
Kanchanāvathi,1,1,0,0,0,1,0,0,1,1,0,0,0,0,1,0
Śubhapantuvarāḷi,1,1,0,0,0,1,0,0,1,1,1,0,0,0,0,1
Shivapanthuvarāli,1,1,0,0,0,1,0,0,1,1,1,0,0,0,0,1
Arunāngi,1,1,0,0,0,0,0,0,1,1,1,0,0,0,0,1
Bandhuvarāli,1,0,0,0,0,0,0,0,1,1,1,0,0,0,0,1
Bhānudhanyāsi,1,1,0,0,0,1,0,0,1,0,1,0,0,0,0,1
Bhānukeeravāni,1,1,0,0,0,1,0,0,1,1,1,0,0,0,0,1
Chāyaranjani,1,0,0,0,0,1,0,0,1,1,0,0,0,0,0,1
Dhowreyani,1,1,0,0,0,1,0,0,1,0,0,0,0,0,0,1
Hindusthāni Todi,0,1,0,0,0,1,0,0,1,0,1,0,0,0,0,1
Jālakesari,1,1,0,0,0,0,0,0,1,1,1,0,0,0,0,1
Kumudhachandrikā,1,0,0,0,0,1,0,0,1,0,1,0,0,0,0,0
Mahānandhini,1,0,0,0,0,1,0,0,1,1,1,0,0,0,0,1
Multani {Hindustani},1,0,0,0,0,1,0,0,1,1,0,0,0,0,0,1
Parpathi,1,0,0,0,0,1,0,0,1,1,0,0,0,0,0,1
Shekharachandrikā,1,1,0,0,0,1,0,0,1,0,1,0,0,0,0,1
Śadvidamārgini,1,1,0,0,0,1,0,0,1,1,0,1,0,0,1,0
Sthavarājam,1,1,0,0,0,0,0,0,1,1,0,1,0,0,0,0
Ganahemāvati,1,0,0,0,0,1,0,0,1,1,0,0,0,0,1,0
Indhudhanyāsi,1,0,0,0,0,1,0,0,1,0,0,1,0,0,1,0
Shreekānti,1,0,0,0,0,1,0,0,1,1,0,1,0,0,1,0
Teevravāhini,1,1,0,0,0,1,0,0,1,1,0,1,0,0,1,0
Vaishalini,0,1,0,0,0,1,0,0,1,0,0,1,0,0,1,0
Suvarnāngi,1,1,0,0,0,1,0,0,1,1,0,1,0,0,0,1
Sowveeram,1,1,0,0,0,1,0,0,1,1,0,1,0,0,0,1
Abhiru,1,1,0,0,0,1,0,0,1,1,0,0,0,0,0,1
Rathikā,1,0,0,0,0,1,0,0,1,1,0,1,0,0,0,1
Vijayashree,1,1,0,0,0,1,0,0,1,1,0,0,0,0,1,0
Divyamaṇi,1,1,0,0,0,1,0,0,1,1,0,0,1,0,0,1
Jeevanthikā,1,0,0,0,0,0,0,0,1,1,0,0,1,0,0,1
Deshamukhāri,1,1,0,0,0,1,0,0,1,1,0,0,1,0,0,1
Dundubi,1,1,0,0,0,1,0,0,1,1,0,0,1,0,0,1
Jeevanthini,1,0,0,0,0,0,0,0,1,1,0,0,1,0,0,1
Suddha Gāndhāri,1,1,0,0,0,1,0,0,1,0,0,0,0,0,0,1
Dhavaḻāmbari,1,1,0,0,0,0,1,0,1,1,1,0,0,1,0,0
Dhavalāngam,1,1,0,0,0,0,1,0,1,1,1,0,0,0,0,0
Abhirāmam,1,1,0,0,0,0,0,0,1,1,1,0,0,1,0,0
Bhinnapauarali,1,0,0,0,0,0,0,0,1,1,1,0,0,1,0,0
Dharmini,1,1,0,0,0,0,1,0,1,0,1,0,0,1,0,0
Sudharmini,1,1,0,0,0,0,0,0,1,1,1,0,0,1,0,0
Nāmanārāyaṇi,1,1,0,0,0,0,1,0,1,1,1,0,0,0,1,0
Nāmadeshi,1,1,0,0,0,0,1,0,1,1,1,0,0,0,1,0
Narmada,1,1,0,0,0,0,1,0,1,0,1,0,0,0,1,0
Swaramanjari,1,0,0,0,0,0,1,0,1,1,1,0,0,0,0,0
Panthuvarāli (Kāmavardhini),1,1,0,0,0,0,1,0,1,1,1,0,0,0,0,1
Kāshirāmakriyā,1,1,0,0,0,0,1,0,1,1,1,0,0,0,0,1
Mandāri,1,1,0,0,0,0,1,0,1,1,0,0,0,0,0,1
ādhi Panchama,1,1,0,0,0,0,0,0,0,1,1,0,0,0,0,1
Basant /Vasant {Hindustani},1,0,0,0,0,0,1,0,1,0,1,0,0,0,0,1
Basant Bahār {Hindustani},1,0,0,0,0,0,1,0,1,1,1,0,0,0,0,1
Bhogavasantha,1,1,0,0,0,0,1,0,1,0,1,0,0,0,0,1
Deepakam,1,0,1,0,0,0,0,0,1,1,1,0,0,0,0,0
Gamakapriyā,1,1,0,0,0,0,1,0,1,1,1,0,0,0,0,1
Gamanapriyā,1,1,0,0,0,0,1,0,1,1,1,0,0,0,0,1
Hamsanārāyani,1,1,0,0,0,0,1,0,1,1,0,0,0,0,0,0
Indumathi,1,0,0,0,0,0,1,0,1,0,1,0,0,0,0,1
Kamalāptapriyā,1,1,0,0,0,0,1,0,1,1,1,0,0,0,0,0
Kumudhakriyā,1,1,0,0,0,0,1,0,1,0,1,0,0,0,0,0
Māruthi,1,1,0,0,0,0,0,0,1,1,0,0,0,0,0,1
Ponni,1,0,0,0,0,0,1,0,1,1,0,0,0,0,0,1
Prathāpa,1,0,0,0,0,0,1,0,1,0,1,0,0,0,0,1
Puriya Dhanashree {Hindustani},1,1,0,0,0,0,1,0,1,1,1,0,0,0,0,1
Tāndavapriyā,1,1,0,0,0,0,1,0,1,1,0,0,0,0,0,0
Rāmapriyā,1,1,0,0,0,0,1,0,1,1,0,1,0,0,1,0
Ramāmanohari,1,1,0,0,0,0,1,0,1,1,0,1,0,0,0,0
Chintaramani,1,0,0,0,0,0,1,0,1,1,0,1,0,0,1,0
Hamsagamini,1,0,0,0,0,0,1,0,1,1,0,1,0,0,1,0
Lokaranjani,1,0,0,0,0,0,1,0,1,1,0,1,0,0,1,0
Meghashyāmala,1,0,0,0,0,0,1,0,1,1,0,1,0,0,1,0
Namoveenapaani (creation by Siri Girish),1,0,0,0,0,0,1,0,1,0,0,1,0,0,1,0
Patalāmbari,1,1,0,0,0,0,1,0,1,0,0,1,0,0,0,0
Raktimārgini,1,0,0,0,0,0,0,0,1,1,0,1,0,0,1,0
Rasavinodini,1,0,0,0,0,0,1,0,1,1,0,1,0,0,1,0
Reethi Chandrikā,1,1,0,0,0,0,1,0,1,1,0,1,0,0,0,0
Seemantinipriyā,1,1,0,0,0,0,1,0,1,0,0,1,0,0,1,0
Sukhakari,1,1,0,0,0,0,0,0,0,1,0,1,0,0,1,0
Vedhaswaroopi,1,1,0,0,0,0,1,0,1,1,0,1,0,0,0,1
Gamanāśrama,1,1,0,0,0,0,1,0,1,1,0,1,0,0,0,1
Gamakakriyā,1,1,0,0,0,0,1,0,1,1,0,1,0,0,0,0
Alankāri,1,0,0,0,0,0,1,0,1,0,0,1,0,0,0,1
Bhatiyār {Hindustani},1,0,0,0,0,0,1,0,1,1,0,1,0,0,0,0
Dvigāndhārabhooshani,1,1,0,0,0,1,1,0,0,1,0,1,0,0,0,0
Hamsānandi,1,1,0,0,0,0,1,0,1,0,0,1,0,0,0,1
Mechakāngi,1,1,0,0,0,0,1,0,1,1,0,1,0,0,0,1
Padmakalyāni,1,0,0,0,0,0,1,0,0,1,0,0,0,0,0,1
Poorvi Kalyāni,1,1,0,0,0,0,1,0,1,1,0,1,0,0,0,0
Sharabadhvāja,1,1,0,0,0,0,1,0,1,1,0,1,0,0,0,0
Sohini {Hindustani},1,0,0,0,0,0,1,0,1,0,0,1,0,0,0,1
Vaishaka,1,1,0,0,0,0,1,0,1,1,0,1,0,0,0,1
54 Viśvambari,1,1,0,0,0,0,1,0,1,1,0,0,1,0,0,1
Vamshavathi,1,1,0,0,0,0,1,0,1,1,0,0,1,0,0,1
Hemāngi,1,1,0,0,0,0,1,0,1,0,0,0,1,0,0,0
Pooshakalyāni,1,1,0,0,0,0,1,0,1,1,0,0,1,0,0,1
Sharadhyuthi,1,1,0,0,0,0,1,0,1,1,0,0,1,0,0,1
Suddhakriyā,1,1,0,0,0,0,0,0,1,1,0,0,1,0,0,0
Sundarāngi,1,1,0,0,0,0,1,0,0,1,0,0,1,0,0,1
Vijayavasantham,1,0,0,0,0,0,0,0,1,1,0,0,1,0,0,1
Śāmaḻāngi,1,0,1,0,0,1,0,0,1,1,1,0,0,1,0,0
Shyāmalam,1,0,1,0,0,1,0,0,1,1,1,0,0,1,0,0
Deshāvali,1,0,1,0,0,1,0,0,1,0,1,0,0,1,0,0
Vijayamālavi,1,0,1,0,0,0,0,0,1,1,1,0,0,0,0,0
Śanmukhapriyā,1,0,1,0,0,1,0,0,1,1,1,0,0,0,1,0
Chāmaram,1,0,1,0,0,0,0,0,1,1,1,0,0,0,1,0
Bhāshini,1,0,1,0,0,1,0,0,1,1,1,0,0,0,1,0
Chintāmani,1,0,1,0,0,1,0,0,1,1,0,1,0,0,1,0
Dhanakari,1,0,0,0,0,1,0,0,0,1,1,0,0,0,1,0
Garigadya,1,0,0,0,0,1,0,0,1,1,1,0,0,0,1,0
Gopikathilakam,1,0,1,0,0,1,0,0,1,1,0,0,0,0,1,0
Kokilanandhi,1,0,0,0,0,1,0,0,1,0,1,0,0,0,1,0
Rājeshwari,1,0,1,0,0,1,0,0,0,1,0,0,0,0,1,0
Samudrapriyā,1,0,0,0,0,1,0,0,1,1,0,0,0,0,1,0
Shanmukhi (Trimoorti),1,1,0,0,0,1,0,0,1,0,1,0,0,0,1,0
Sumanasaranjani,1,0,0,0,0,1,0,0,1,1,0,0,0,0,1,0
Vasukari,1,0,0,0,0,1,0,0,1,1,1,0,0,0,1,0
Simhendramadhyamam(Sumadhyuti),1,0,1,0,0,1,0,0,1,1,1,0,0,0,0,1
Ānandavalli,1,0,0,0,0,1,0,0,1,1,0,0,0,0,0,1
Ghantana,1,0,1,0,0,1,0,0,1,0,1,0,0,0,0,1
Jayachoodāmani,1,0,0,0,0,1,0,0,1,1,1,0,0,0,0,0
Pranavapriyā,1,0,1,0,0,0,0,0,1,1,0,0,0,0,0,1
Sarvāngi,1,0,1,0,0,0,0,0,1,0,1,0,0,0,0,1
Seshanādam,1,0,1,0,0,1,0,0,1,1,1,0,0,0,0,0
Sunādapriyā,1,0,1,0,0,1,0,0,1,1,0,0,0,0,0,0
Urmikā,1,0,1,0,0,1,0,0,1,1,0,0,0,0,0,1
Vijayasaraswathi,1,0,0,0,0,1,0,0,1,1,1,0,0,0,0,1
Hemavati,1,0,1,0,0,1,0,0,1,1,0,1,0,0,1,0
Deshisimhāravam,1,0,1,0,0,1,0,0,1,1,0,1,0,0,1,0
Chandrarekhā,1,0,1,0,0,1,0,0,1,1,0,1,0,0,0,0
Hamsabhramari,1,0,1,0,0,1,0,0,1,1,0,1,0,0,0,0
Hemāmbari,1,0,1,0,0,1,0,0,1,1,0,1,0,0,1,0
Hemapriya,1,0,1,0,0,1,0,0,1,0,0,1,0,0,0,0
Kshemakari,1,0,1,0,0,0,0,0,1,0,0,1,0,0,1,0
Madhukowns,1,0,0,0,0,1,0,0,1,1,0,0,0,0,1,0
Shakthiroopini,1,0,0,0,0,1,0,0,1,0,0,1,0,0,0,0
Simhārava,1,0,1,0,0,0,0,0,1,1,0,0,0,0,1,0
Vijayasāranga,1,0,1,0,0,1,0,0,1,1,0,1,0,0,0,0
Vijayashrāngi,1,0,1,0,0,1,0,0,1,1,0,1,0,0,0,0
Yāgini,1,0,1,0,0,0,0,0,1,1,0,0,0,0,1,0
Dharmavati,1,0,1,0,0,1,0,0,1,1,0,1,0,0,0,1
Dhāmavathi,1,0,1,0,0,1,0,0,1,1,0,1,0,0,0,1
Sri Tyagaraja (Raga created by Mahesh Mahadev)[7],1,0,0,0,0,1,0,0,1,1,0,0,0,0,0,1
Gowrikriya,1,0,0,0,0,1,0,0,1,1,0,1,0,0,0,1
Karmukhāvati,1,0,1,0,0,1,0,0,1,0,0,1,0,0,0,1
Karpoora Bharani,1,0,1,0,0,1,0,0,1,1,0,1,0,0,0,0
Lalitasimharavam,1,0,1,0,0,1,0,0,1,1,0,0,0,0,0,0
Madhumālti {Hindustani},1,0,0,0,0,1,0,0,1,1,0,0,0,0,0,1
Madhuvanthi {Hindustani},1,0,0,0,0,1,0,0,1,1,0,0,0,0,0,1
Moharanjani,1,0,1,0,0,1,0,0,0,1,0,1,0,0,0,0
Ranjani,1,0,1,0,0,1,0,0,1,0,0,1,0,0,0,0
Varada,1,0,1,0,0,0,0,0,1,1,0,0,0,0,0,1
Vijayanāgari,1,0,1,0,0,1,0,0,1,1,0,1,0,0,0,0
Vishveshwarapriyā,1,0,1,0,0,0,0,0,1,1,0,0,0,0,0,1
Nītimati,1,0,1,0,0,1,0,0,1,1,0,0,1,0,0,1
Nisshadham,1,0,1,0,0,1,0,0,1,1,0,0,1,0,0,1
Amarasenapriyā,1,0,1,0,0,0,0,0,1,1,0,0,0,0,1,0
Deshyagānavaridhi,1,0,1,0,0,1,0,0,1,1,0,0,1,0,0,1
Hamsanādam,1,0,1,0,0,0,0,0,1,1,0,0,1,0,0,1
Kaikavashi,1,0,1,0,0,1,0,0,1,1,0,0,1,0,0,1
Nuthanachandrikā,1,0,1,0,0,1,0,0,1,1,0,0,1,0,0,1
Rathnasāranga,1,0,1,0,0,1,0,0,1,1,0,0,0,0,0,1
Kāntāmani,1,0,1,0,0,0,1,0,1,1,1,0,0,1,0,0
Kunthalam,1,0,1,0,0,0,1,0,1,1,1,0,0,0,0,0
Kanakakusumāvali,1,0,1,0,0,0,1,0,1,1,0,1,0,0,0,0
Shruthiranjani,1,0,1,0,0,0,1,0,1,1,1,0,0,1,0,0
Riśabhapriyā,1,0,1,0,0,0,1,0,1,1,1,0,0,0,1,0
Rathipriyā,1,0,1,0,0,0,1,0,1,1,1,0,0,0,1,0
Gopriya,1,0,1,0,0,0,1,0,1,0,1,0,0,0,1,0
Poornasāveri,1,0,1,0,0,0,0,0,1,1,1,0,0,0,0,0
Rathnabhānu,1,0,1,0,0,0,0,0,1,1,1,0,0,0,1,0
Suddha Sāranga,1,0,0,0,0,0,1,0,1,1,0,0,0,0,1,0
Latāngi,1,0,1,0,0,0,1,0,1,1,1,0,0,0,0,1
Geethapriyā,1,0,1,0,0,0,1,0,1,1,1,0,0,0,0,1
Chitrachandrika,1,0,1,0,0,0,1,0,1,1,1,0,0,0,0,1
Hamsalatha,1,0,1,0,0,0,1,0,0,1,0,0,0,0,0,1
Kananapriyā,1,0,1,0,0,0,1,0,1,1,1,0,0,0,0,1
Karunākari,1,0,0,0,0,0,0,0,1,1,1,0,0,0,0,1
Lalithāngi,1,0,1,0,0,0,1,0,1,0,1,0,0,0,0,1
Ramani,1,0,0,0,0,0,1,0,1,1,0,0,0,0,0,1
Rathnakānthi,1,0,1,0,0,0,1,0,1,1,0,0,0,0,0,1
Raviswaroopini,1,0,0,0,0,0,1,0,1,1,1,0,0,0,0,1
Sajjananandhi,1,0,1,0,0,0,1,0,1,1,1,0,0,0,0,1
Skandamanorama,1,0,1,0,0,0,0,0,1,1,0,0,0,0,0,1
Vāchaspati,1,0,1,0,0,0,1,0,1,1,0,1,0,0,1,0
Bhooshāvathi,1,0,1,0,0,0,1,0,1,1,0,1,0,0,1,0
Bhagavataranjana,1,0,1,0,0,0,0,0,1,1,0,1,0,0,1,0
Bhogeeshwari,1,0,1,0,0,0,1,0,0,1,0,1,0,0,1,0
Bhooshāvali,1,0,1,0,0,0,1,0,1,1,0,1,0,0,0,0
Dwigāndhārabhooshani,1,1,0,0,0,1,1,0,0,1,0,1,0,0,0,0
Gaganamohini,1,0,0,0,0,0,1,0,0,1,0,1,0,0,1,0
Gurupriya,1,0,1,0,0,0,1,0,1,0,0,1,0,0,1,0
Hrdhini,1,0,0,0,0,0,1,0,1,1,0,0,0,0,1,0
Mangalakari,1,0,1,0,0,0,0,0,1,1,0,1,0,0,1,0
Mukthidāyini,1,0,0,0,0,0,1,0,1,1,0,1,0,0,1,0
Nādhabrahma,1,0,0,0,0,0,0,0,1,1,0,1,0,0,1,0
Pranavākāri,1,0,1,0,0,0,1,0,1,1,0,1,0,0,1,0
Saraswathi,1,0,1,0,0,0,0,0,1,1,0,1,0,0,0,0
Shivaranjani (Original),1,0,1,0,0,0,1,0,1,1,0,1,0,0,1,0
Triveni,1,0,1,0,0,0,0,0,1,1,0,1,0,0,1,0
Utthari,1,0,0,0,0,0,1,0,1,1,0,1,0,0,1,0
Mechakalyāni,1,0,1,0,0,0,1,0,1,1,0,1,0,0,0,1
Shānthakalyāni,1,0,1,0,0,0,1,0,1,1,0,1,0,0,0,1
Amritha Kalyani (Raga created by Mahesh Mahadev)[4],1,0,0,0,0,0,1,0,1,1,0,0,0,0,0,1
Amritha Behāg,1,0,0,0,0,0,1,0,1,1,0,0,0,0,0,1
Aprameya,1,0,1,0,0,0,0,0,1,1,0,1,0,0,0,0
Bhoopkalyāni,1,0,1,0,0,0,1,0,0,1,0,1,0,0,0,0
Bhoopāli {Hindustani},1,0,1,0,0,0,1,0,0,1,0,1,0,0,0,0
Chandrakāntha,1,0,1,0,0,0,1,0,1,1,0,1,0,0,0,1
Hameer {Hindustani},1,0,1,0,0,0,1,1,0,0,0,1,0,0,0,1
Hameer Kalyāni {carnatic interpretation of Kedar},1,0,1,0,0,0,1,0,1,1,0,1,0,0,0,1
Hamsakalyāni,1,0,1,0,0,0,1,0,0,1,0,0,0,0,0,1
Kalyānadāyini,1,0,1,0,0,0,1,0,1,0,0,1,0,0,0,1
Kannadamaruva,1,0,0,0,0,0,1,0,1,1,0,1,0,0,0,1
Kedār {Hindustani},1,0,0,0,0,0,1,1,0,1,0,1,0,0,0,1
Kowmoda,1,0,1,0,0,0,1,0,1,0,0,0,0,0,0,1
Kunthalashreekānti,1,0,0,0,0,0,1,0,1,1,0,1,0,0,0,1
Mohana Kalyāni,1,0,1,0,0,0,1,0,0,1,0,1,0,0,0,0
Mrgānandhana,1,0,1,0,0,0,1,0,0,0,0,1,0,0,0,1
Nada Kalyani (Raga created by Mahesh Mahadev)[4],1,0,1,0,0,0,0,0,1,1,0,0,0,0,0,1
Nāndhakalyāni,1,0,0,0,0,0,1,0,1,0,0,1,0,0,0,1
Pramodhini,1,0,0,0,0,0,1,0,1,1,0,1,0,0,0,0
Rajasadhaka (Raga created by Mahesh Mahadev)[4],1,0,1,0,0,0,1,0,0,1,0,1,0,0,0,0
Sāranga,1,0,1,0,0,0,1,0,1,1,0,1,0,0,0,1
Sāranga Tārangini,1,0,1,0,0,0,0,0,1,1,0,1,0,0,0,1
Shilangi,1,0,0,0,0,0,1,0,1,1,0,0,0,0,0,1
Suddha Koshala,1,0,0,0,0,0,1,0,1,1,0,0,0,0,0,0
Swayambhooshwara Rāga,1,0,0,0,0,0,1,0,0,1,0,0,0,0,0,0
Vandanadhārini,1,0,1,0,0,0,0,0,1,1,0,1,0,0,0,0
Vivāhapriyā [8],1,0,1,0,0,0,0,0,1,1,0,1,0,0,0,1
Chitrāmbari,1,0,1,0,0,0,1,0,1,1,0,0,1,0,0,1
Chaturāngini,1,0,1,0,0,0,1,0,1,1,0,0,0,0,0,1
Amritavarshini,1,0,0,0,0,0,1,0,1,1,0,0,0,0,0,1
Chitrasindhu,1,0,0,0,0,0,1,0,1,1,0,0,0,0,0,1
Churnikavinodhini,1,0,1,0,0,0,1,0,1,1,0,0,1,0,0,1
Vijayakoshalam,1,0,1,0,0,0,1,0,1,1,0,0,0,0,0,0
Sucharitrā,1,0,0,1,0,0,1,0,1,1,1,0,0,1,0,0
Santhāna Manjari,1,0,0,1,0,0,1,0,1,1,1,0,0,0,0,0
Jyothisvarūpiṇi,1,0,0,1,0,0,1,0,1,1,1,0,0,0,1,0
Jyothi,1,0,0,1,0,0,1,0,1,1,1,0,0,0,1,0
Deepavarāli,1,0,0,1,0,0,0,0,1,1,0,0,0,0,1,0
Jyothishmathi,1,0,0,1,0,0,1,0,1,1,0,0,0,0,0,0
Rāmagiri,1,0,0,1,0,0,1,0,1,1,1,0,0,0,1,0
Dhātuvardhani,1,0,0,1,0,0,1,0,1,1,1,0,0,0,0,1
Dhowtha Panchamam,1,0,0,1,0,0,1,0,1,1,0,0,0,0,0,1
Dhwithiyapanchamam,1,0,0,1,0,0,1,0,1,1,0,0,0,0,0,1
Sumukham,1,0,0,1,0,0,0,0,1,0,0,0,0,0,0,1
Tavapriyā,1,0,0,1,0,0,0,0,1,1,0,0,0,0,0,1
Nāsikābhūśaṇi,1,0,0,1,0,0,1,0,1,1,0,1,0,0,1,0
Nāsāmani,1,0,0,1,0,0,0,0,1,1,0,1,0,0,1,0
Marakathagowla,1,0,0,1,0,0,0,0,1,1,0,1,0,0,1,0
Thilakamandāri,1,0,0,1,0,0,0,0,1,1,0,1,0,0,0,0
Kōsalam,1,0,0,1,0,0,1,0,1,1,0,1,0,0,0,1
Kusumākaram,1,0,0,1,0,0,1,0,1,1,0,1,0,0,0,1
Ayodhya,1,0,0,0,0,0,1,0,1,1,0,0,0,0,0,1
Rasikapriyā,1,0,0,1,0,0,1,0,1,1,0,0,1,0,0,1
Rasamanjari,1,0,0,1,0,0,1,0,1,1,0,0,1,0,0,1
Hamsagiri,1,0,0,1,0,0,1,0,1,1,0,0,1,0,0,1
Ishtārangini,1,0,0,1,0,0,0,0,1,1,0,0,0,0,0,1
Nāgagiri,1,0,0,0,0,0,1,0,1,1,0,1,0,0,0,0
